distance(cm),Freq(KHz),Volt(V)
10.2,39,0.044918
10.2,40,0.29
10.2,41,1
10.2,42,0.100025
10.2,43,0.0388