deltaTime(us),distance(cm),vel(m/s)
350,12,342.857142857143
500,17,340
900,27,300
1100,37,336.363636363636
1400,47,335.714285714286
1700,57,335.294117647059
2000,67,335